channel_0,sample #,type
1.095,20958677,R
1.19,20958678,NC
1.065,20958679,NC
0.695,20958680,NC
0.215,20958681,NC
-0.215,20958682,NC
-0.555,20958683,NC
-0.7,20958684,NC
-0.655,20958685,NC
-0.54,20958686,NC
-0.48,20958687,NC
-0.535,20958688,NC
-0.62,20958689,NC
-0.66,20958690,NC
-0.67,20958691,NC
-0.695,20958692,NC
-0.71,20958693,NC
-0.655,20958694,NC
-0.575,20958695,NC
-0.605,20958696,NC
-0.69,20958697,NC
-0.8,20958698,NC
-0.835,20958699,NC
-0.755,20958700,NC
-0.715,20958701,NC
-0.715,20958702,NC
-0.69,20958703,NC
-0.62,20958704,NC
-0.575,20958705,NC
-0.54,20958706,NC
-0.525,20958707,NC
-0.495,20958708,NC
-0.46,20958709,NC
-0.415,20958710,NC
-0.35,20958711,NC
-0.27,20958712,NC
-0.19,20958713,NC
-0.13,20958714,NC
-0.085,20958715,NC
-0.08,20958716,NC
-0.09,20958717,NC
-0.08,20958718,NC
-0.075,20958719,NC
-0.07,20958720,NC
-0.12,20958721,NC
-0.18,20958722,NC
-0.18,20958723,NC
-0.14,20958724,NC
-0.095,20958725,NC
-0.03,20958726,NC
-0.005,20958727,NC
-0.045,20958728,NC
-0.075,20958729,NC
-0.085,20958730,NC
-0.045,20958731,NC
-0.03,20958732,NC
-0.05,20958733,NC
-0.045,20958734,NC
0.02,20958735,NC
0.045,20958736,NC
0.035,20958737,NC
0.0,20958738,NC
0.005,20958739,NC
0.05,20958740,NC
0.11,20958741,NC
0.14,20958742,NC
0.14,20958743,NC
0.14,20958744,NC
0.145,20958745,NC
0.145,20958746,NC
0.14,20958747,NC
0.13,20958748,NC
0.15,20958749,NC
0.185,20958750,NC
0.23,20958751,NC
0.235,20958752,NC
0.24,20958753,NC
0.255,20958754,NC
0.31,20958755,NC
0.36,20958756,NC
0.405,20958757,NC
0.395,20958758,NC
0.34,20958759,NC
0.245,20958760,NC
0.195,20958761,NC
0.24,20958762,NC
0.315,20958763,NC
0.36,20958764,NC
0.355,20958765,NC
0.36,20958766,NC
0.38,20958767,NC
0.38,20958768,NC
0.325,20958769,NC
0.245,20958770,NC
0.22,20958771,NC
0.235,20958772,NC
0.2,20958773,NC
0.085,20958774,NC
0.01,20958775,NC
0.02,20958776,NC
0.03,20958777,NC
0.0,20958778,NC
-0.075,20958779,NC
-0.085,20958780,NC
-0.05,20958781,NC
-0.06,20958782,NC
-0.085,20958783,NC
-0.095,20958784,NC
-0.095,20958785,NC
-0.11,20958786,NC
-0.125,20958787,NC
-0.14,20958788,NC
-0.145,20958789,NC
-0.155,20958790,NC
-0.175,20958791,NC
-0.165,20958792,NC
-0.16,20958793,NC
-0.165,20958794,NC
-0.23,20958795,NC
-0.32,20958796,NC
-0.36,20958797,NC
-0.305,20958798,NC
-0.22,20958799,NC
-0.2,20958800,NC
-0.225,20958801,NC
-0.3,20958802,NC
-0.335,20958803,NC
-0.305,20958804,NC
-0.265,20958805,NC
-0.235,20958806,NC
-0.225,20958807,NC
-0.22,20958808,NC
-0.205,20958809,NC
-0.21,20958810,NC
-0.2,20958811,NC
-0.215,20958812,NC
-0.245,20958813,NC
-0.275,20958814,NC
-0.265,20958815,NC
-0.235,20958816,NC
-0.23,20958817,NC
-0.245,20958818,NC
-0.275,20958819,NC
-0.27,20958820,NC
-0.2,20958821,NC
-0.17,20958822,NC
-0.2,20958823,NC
-0.305,20958824,NC
-0.39,20958825,NC
-0.41,20958826,NC
-0.345,20958827,NC
-0.27,20958828,NC
-0.22,20958829,NC
-0.22,20958830,NC
-0.2,20958831,NC
-0.22,20958832,NC
-0.205,20958833,NC
-0.19,20958834,NC
-0.175,20958835,NC
-0.18,20958836,NC
-0.19,20958837,NC
-0.28,20958838,NC
-0.335,20958839,NC
-0.345,20958840,NC
-0.28,20958841,NC
-0.195,20958842,NC
-0.145,20958843,NC
-0.135,20958844,NC
-0.165,20958845,NC
-0.2,20958846,NC
-0.195,20958847,NC
-0.175,20958848,NC
-0.1,20958849,NC
-0.055,20958850,NC
0.005,20958851,NC
0.03,20958852,NC
0.035,20958853,NC
-0.035,20958854,NC
-0.07,20958855,NC
-0.065,20958856,NC
-0.035,20958857,NC
-0.025,20958858,NC
-0.035,20958859,NC
-0.065,20958860,NC
-0.06,20958861,NC
-0.105,20958862,NC
-0.14,20958863,NC
-0.21,20958864,NC
-0.26,20958865,NC
-0.325,20958866,NC
-0.385,20958867,NC
-0.415,20958868,NC
-0.385,20958869,NC
-0.355,20958870,NC
-0.355,20958871,NC
-0.365,20958872,NC
-0.37,20958873,NC
-0.365,20958874,NC
-0.385,20958875,NC
-0.415,20958876,NC
-0.42,20958877,NC
-0.41,20958878,NC
-0.4,20958879,NC
-0.385,20958880,NC
-0.38,20958881,NC
-0.4,20958882,NC
-0.42,20958883,NC
-0.41,20958884,NC
-0.415,20958885,NC
-0.38,20958886,NC
-0.35,20958887,NC
-0.315,20958888,NC
-0.325,20958889,NC
-0.39,20958890,NC
-0.445,20958891,NC
-0.45,20958892,NC
-0.44,20958893,NC
-0.39,20958894,NC
-0.335,20958895,NC
-0.29,20958896,NC
-0.215,20958897,NC
-0.1,20958898,NC
0.05,20958899,NC
0.195,20958900,NC
0.345,20958901,NC
0.55,20958902,NC
0.795,20958903,NC
0.96,20958904,R
0.99,20958905,NC
0.875,20958906,NC
0.595,20958907,NC
0.195,20958908,NC
-0.22,20958909,NC
-0.53,20958910,NC
-0.695,20958911,NC
-0.695,20958912,NC
-0.615,20958913,NC
-0.55,20958914,NC
-0.605,20958915,NC
-0.695,20958916,NC
-0.74,20958917,NC
-0.745,20958918,NC
-0.715,20958919,NC
-0.695,20958920,NC
-0.7,20958921,NC
-0.725,20958922,NC
-0.73,20958923,NC
-0.72,20958924,NC
-0.7,20958925,NC
-0.75,20958926,NC
-0.775,20958927,NC
-0.79,20958928,NC
-0.8,20958929,NC
-0.825,20958930,NC
-0.81,20958931,NC
-0.785,20958932,NC
-0.72,20958933,NC
-0.645,20958934,NC
-0.585,20958935,NC
-0.525,20958936,NC
-0.46,20958937,NC
-0.39,20958938,NC
-0.325,20958939,NC
-0.28,20958940,NC
-0.275,20958941,NC
-0.265,20958942,NC
-0.24,20958943,NC
-0.235,20958944,NC
-0.26,20958945,NC
-0.27,20958946,NC
-0.27,20958947,NC
-0.27,20958948,NC
-0.245,20958949,NC
-0.235,20958950,NC
-0.215,20958951,NC
-0.16,20958952,NC
-0.11,20958953,NC
-0.13,20958954,NC
-0.235,20958955,NC
-0.36,20958956,NC
-0.405,20958957,NC
-0.34,20958958,NC
-0.23,20958959,NC
-0.155,20958960,NC
-0.175,20958961,NC
-0.215,20958962,NC
-0.22,20958963,NC
-0.195,20958964,NC
-0.195,20958965,NC
-0.2,20958966,NC
-0.21,20958967,NC
-0.155,20958968,NC
-0.12,20958969,NC
-0.135,20958970,NC
-0.15,20958971,NC
-0.095,20958972,NC
-0.035,20958973,NC
0.03,20958974,NC
0.07,20958975,NC
0.055,20958976,NC
0.025,20958977,NC
0.035,20958978,NC
0.05,20958979,NC
0.02,20958980,NC
-0.06,20958981,NC
-0.1,20958982,NC
-0.055,20958983,NC
-0.025,20958984,NC
-0.01,20958985,NC
-0.01,20958986,NC
-0.03,20958987,NC
-0.005,20958988,NC
0.035,20958989,NC
0.07,20958990,NC
0.12,20958991,NC
0.15,20958992,NC
0.13,20958993,NC
0.095,20958994,NC
0.055,20958995,NC
0.045,20958996,NC
0.055,20958997,NC
0.03,20958998,NC
-0.005,20958999,NC
-0.02,20959000,NC
-0.03,20959001,NC
0.005,20959002,NC
0.03,20959003,NC
0.015,20959004,NC
-0.04,20959005,NC
-0.165,20959006,NC
-0.225,20959007,NC
-0.23,20959008,NC
-0.23,20959009,NC
-0.235,20959010,NC
-0.255,20959011,NC
-0.225,20959012,NC
-0.185,20959013,NC
-0.16,20959014,NC
-0.215,20959015,NC
-0.345,20959016,NC
-0.5,20959017,NC
-0.6,20959018,NC
-0.605,20959019,NC
-0.555,20959020,NC
-0.475,20959021,NC
-0.46,20959022,NC
-0.485,20959023,NC
-0.525,20959024,NC
-0.545,20959025,NC
-0.53,20959026,NC
-0.495,20959027,NC
-0.485,20959028,NC
-0.475,20959029,NC
-0.475,20959030,NC
-0.45,20959031,NC
-0.42,20959032,NC
-0.38,20959033,NC
-0.4,20959034,NC
-0.43,20959035,NC
-0.48,20959036,NC
-0.54,20959037,NC
-0.57,20959038,NC
-0.56,20959039,NC
-0.525,20959040,NC
-0.5,20959041,NC
-0.505,20959042,NC
-0.505,20959043,NC
-0.52,20959044,NC
-0.52,20959045,NC
-0.55,20959046,NC
-0.555,20959047,NC
-0.525,20959048,NC
-0.5,20959049,NC
-0.48,20959050,NC
-0.45,20959051,NC
-0.445,20959052,NC
-0.47,20959053,NC
-0.525,20959054,NC
-0.58,20959055,NC
-0.585,20959056,NC
-0.55,20959057,NC
-0.515,20959058,NC
-0.49,20959059,NC
-0.435,20959060,NC
-0.45,20959061,NC
-0.475,20959062,NC
-0.515,20959063,NC
-0.535,20959064,NC
-0.54,20959065,NC
-0.545,20959066,NC
-0.53,20959067,NC
-0.54,20959068,NC
-0.55,20959069,NC
-0.545,20959070,NC
-0.525,20959071,NC
-0.505,20959072,NC
-0.455,20959073,NC
-0.435,20959074,NC
-0.42,20959075,NC
-0.42,20959076,NC
-0.385,20959077,NC
-0.33,20959078,NC
-0.26,20959079,NC
-0.285,20959080,NC
-0.325,20959081,NC
-0.385,20959082,NC
-0.41,20959083,NC
-0.39,20959084,NC
-0.38,20959085,NC
-0.345,20959086,NC
-0.32,20959087,NC
-0.285,20959088,NC
-0.33,20959089,NC
-0.405,20959090,NC
-0.435,20959091,NC
-0.355,20959092,NC
-0.29,20959093,NC
-0.295,20959094,NC
-0.365,20959095,NC
-0.47,20959096,NC
-0.535,20959097,NC
-0.56,20959098,NC
-0.51,20959099,NC
-0.48,20959100,NC
-0.495,20959101,NC
-0.52,20959102,NC
-0.505,20959103,NC
-0.495,20959104,NC
-0.51,20959105,NC
-0.575,20959106,NC
-0.67,20959107,NC
-0.76,20959108,NC
-0.805,20959109,NC
-0.76,20959110,NC
-0.68,20959111,NC
-0.66,20959112,NC
-0.665,20959113,NC
-0.67,20959114,NC
-0.665,20959115,NC
-0.665,20959116,NC
-0.65,20959117,NC
-0.63,20959118,NC
-0.6,20959119,NC
-0.585,20959120,NC
-0.595,20959121,NC
-0.59,20959122,NC
-0.58,20959123,NC
-0.605,20959124,NC
-0.625,20959125,NC
-0.645,20959126,NC
-0.665,20959127,NC
-0.655,20959128,NC
-0.59,20959129,NC
-0.48,20959130,NC
-0.35,20959131,NC
-0.2,20959132,NC
-0.07,20959133,NC
0.055,20959134,NC
0.19,20959135,NC
0.41,20959136,NC
0.64,20959137,R
